<application>
  <component name="AndroidLogcatFilterHistory">
    <option name="nonFavorites">
      <list>
        <option value="package:mine " />
        <option value="package:mine" />
        <option value="package:mine wallet" />
        <option value="package:mine nodeviewmodel" />
        <option value="package:mine key" />
        <option value="package:mine  findme" />
        <option value="package:mine authentication/my/spaces" />
        <option value="package:mine findme" />
        <option value="package:mine  extend" />
        <option value="package:mine FINDME" />
        <option value="package:mine FINDME " />
        <option value="package:mine startup" />
        <option value="package:mine  FINDME" />
        <option value="package:mine  " />
        <option value="packa" />
        <option value="package:mine is" />
      </list>
    </option>
  </component>
</application>