<application>
  <component name="ProjectJdkTable">
    <jdk version="2">
      <name value="11" />
      <type value="JavaSDK" />
      <version value="version 11.0.21" />
      <homePath value="/usr/lib/jvm/java-11-openjdk" />
      <roots>
        <annotationsPath>
          <root type="composite">
            <root url="jar://$APPLICATION_HOME_DIR$/plugins/java/lib/resources/jdkAnnotations.jar!/" type="simple" />
          </root>
        </annotationsPath>
        <classPath>
          <root type="composite">
            <root url="jrt:///usr/lib/jvm/java-11-openjdk!/java.base" type="simple" />
            <root url="jrt:///usr/lib/jvm/java-11-openjdk!/java.compiler" type="simple" />
            <root url="jrt:///usr/lib/jvm/java-11-openjdk!/java.datatransfer" type="simple" />
            <root url="jrt:///usr/lib/jvm/java-11-openjdk!/java.desktop" type="simple" />
            <root url="jrt:///usr/lib/jvm/java-11-openjdk!/java.instrument" type="simple" />
            <root url="jrt:///usr/lib/jvm/java-11-openjdk!/java.logging" type="simple" />
            <root url="jrt:///usr/lib/jvm/java-11-openjdk!/java.management" type="simple" />
            <root url="jrt:///usr/lib/jvm/java-11-openjdk!/java.management.rmi" type="simple" />
            <root url="jrt:///usr/lib/jvm/java-11-openjdk!/java.naming" type="simple" />
            <root url="jrt:///usr/lib/jvm/java-11-openjdk!/java.net.http" type="simple" />
            <root url="jrt:///usr/lib/jvm/java-11-openjdk!/java.prefs" type="simple" />
            <root url="jrt:///usr/lib/jvm/java-11-openjdk!/java.rmi" type="simple" />
            <root url="jrt:///usr/lib/jvm/java-11-openjdk!/java.scripting" type="simple" />
            <root url="jrt:///usr/lib/jvm/java-11-openjdk!/java.se" type="simple" />
            <root url="jrt:///usr/lib/jvm/java-11-openjdk!/java.security.jgss" type="simple" />
            <root url="jrt:///usr/lib/jvm/java-11-openjdk!/java.security.sasl" type="simple" />
            <root url="jrt:///usr/lib/jvm/java-11-openjdk!/java.smartcardio" type="simple" />
            <root url="jrt:///usr/lib/jvm/java-11-openjdk!/java.sql" type="simple" />
            <root url="jrt:///usr/lib/jvm/java-11-openjdk!/java.sql.rowset" type="simple" />
            <root url="jrt:///usr/lib/jvm/java-11-openjdk!/java.transaction.xa" type="simple" />
            <root url="jrt:///usr/lib/jvm/java-11-openjdk!/java.xml" type="simple" />
            <root url="jrt:///usr/lib/jvm/java-11-openjdk!/java.xml.crypto" type="simple" />
            <root url="jrt:///usr/lib/jvm/java-11-openjdk!/jdk.accessibility" type="simple" />
            <root url="jrt:///usr/lib/jvm/java-11-openjdk!/jdk.aot" type="simple" />
            <root url="jrt:///usr/lib/jvm/java-11-openjdk!/jdk.attach" type="simple" />
            <root url="jrt:///usr/lib/jvm/java-11-openjdk!/jdk.charsets" type="simple" />
            <root url="jrt:///usr/lib/jvm/java-11-openjdk!/jdk.compiler" type="simple" />
            <root url="jrt:///usr/lib/jvm/java-11-openjdk!/jdk.crypto.cryptoki" type="simple" />
            <root url="jrt:///usr/lib/jvm/java-11-openjdk!/jdk.crypto.ec" type="simple" />
            <root url="jrt:///usr/lib/jvm/java-11-openjdk!/jdk.dynalink" type="simple" />
            <root url="jrt:///usr/lib/jvm/java-11-openjdk!/jdk.editpad" type="simple" />
            <root url="jrt:///usr/lib/jvm/java-11-openjdk!/jdk.hotspot.agent" type="simple" />
            <root url="jrt:///usr/lib/jvm/java-11-openjdk!/jdk.httpserver" type="simple" />
            <root url="jrt:///usr/lib/jvm/java-11-openjdk!/jdk.internal.ed" type="simple" />
            <root url="jrt:///usr/lib/jvm/java-11-openjdk!/jdk.internal.jvmstat" type="simple" />
            <root url="jrt:///usr/lib/jvm/java-11-openjdk!/jdk.internal.le" type="simple" />
            <root url="jrt:///usr/lib/jvm/java-11-openjdk!/jdk.internal.opt" type="simple" />
            <root url="jrt:///usr/lib/jvm/java-11-openjdk!/jdk.internal.vm.ci" type="simple" />
            <root url="jrt:///usr/lib/jvm/java-11-openjdk!/jdk.internal.vm.compiler" type="simple" />
            <root url="jrt:///usr/lib/jvm/java-11-openjdk!/jdk.internal.vm.compiler.management" type="simple" />
            <root url="jrt:///usr/lib/jvm/java-11-openjdk!/jdk.jartool" type="simple" />
            <root url="jrt:///usr/lib/jvm/java-11-openjdk!/jdk.javadoc" type="simple" />
            <root url="jrt:///usr/lib/jvm/java-11-openjdk!/jdk.jcmd" type="simple" />
            <root url="jrt:///usr/lib/jvm/java-11-openjdk!/jdk.jconsole" type="simple" />
            <root url="jrt:///usr/lib/jvm/java-11-openjdk!/jdk.jdeps" type="simple" />
            <root url="jrt:///usr/lib/jvm/java-11-openjdk!/jdk.jdi" type="simple" />
            <root url="jrt:///usr/lib/jvm/java-11-openjdk!/jdk.jdwp.agent" type="simple" />
            <root url="jrt:///usr/lib/jvm/java-11-openjdk!/jdk.jfr" type="simple" />
            <root url="jrt:///usr/lib/jvm/java-11-openjdk!/jdk.jlink" type="simple" />
            <root url="jrt:///usr/lib/jvm/java-11-openjdk!/jdk.jshell" type="simple" />
            <root url="jrt:///usr/lib/jvm/java-11-openjdk!/jdk.jsobject" type="simple" />
            <root url="jrt:///usr/lib/jvm/java-11-openjdk!/jdk.jstatd" type="simple" />
            <root url="jrt:///usr/lib/jvm/java-11-openjdk!/jdk.localedata" type="simple" />
            <root url="jrt:///usr/lib/jvm/java-11-openjdk!/jdk.management" type="simple" />
            <root url="jrt:///usr/lib/jvm/java-11-openjdk!/jdk.management.agent" type="simple" />
            <root url="jrt:///usr/lib/jvm/java-11-openjdk!/jdk.management.jfr" type="simple" />
            <root url="jrt:///usr/lib/jvm/java-11-openjdk!/jdk.naming.dns" type="simple" />
            <root url="jrt:///usr/lib/jvm/java-11-openjdk!/jdk.naming.ldap" type="simple" />
            <root url="jrt:///usr/lib/jvm/java-11-openjdk!/jdk.naming.rmi" type="simple" />
            <root url="jrt:///usr/lib/jvm/java-11-openjdk!/jdk.net" type="simple" />
            <root url="jrt:///usr/lib/jvm/java-11-openjdk!/jdk.pack" type="simple" />
            <root url="jrt:///usr/lib/jvm/java-11-openjdk!/jdk.rmic" type="simple" />
            <root url="jrt:///usr/lib/jvm/java-11-openjdk!/jdk.scripting.nashorn" type="simple" />
            <root url="jrt:///usr/lib/jvm/java-11-openjdk!/jdk.scripting.nashorn.shell" type="simple" />
            <root url="jrt:///usr/lib/jvm/java-11-openjdk!/jdk.sctp" type="simple" />
            <root url="jrt:///usr/lib/jvm/java-11-openjdk!/jdk.security.auth" type="simple" />
            <root url="jrt:///usr/lib/jvm/java-11-openjdk!/jdk.security.jgss" type="simple" />
            <root url="jrt:///usr/lib/jvm/java-11-openjdk!/jdk.unsupported" type="simple" />
            <root url="jrt:///usr/lib/jvm/java-11-openjdk!/jdk.unsupported.desktop" type="simple" />
            <root url="jrt:///usr/lib/jvm/java-11-openjdk!/jdk.xml.dom" type="simple" />
            <root url="jrt:///usr/lib/jvm/java-11-openjdk!/jdk.zipfs" type="simple" />
          </root>
        </classPath>
        <javadocPath>
          <root type="composite" />
        </javadocPath>
        <sourcePath>
          <root type="composite" />
        </sourcePath>
      </roots>
      <additional />
    </jdk>
    <jdk version="2">
      <name value="Kotlin SDK" />
      <type value="KotlinSDK" />
      <version value="1.7.10-release-for-android-studio" />
      <homePath value="$KOTLIN_BUNDLED$" />
      <roots>
        <annotationsPath>
          <root type="composite" />
        </annotationsPath>
        <classPath>
          <root type="composite" />
        </classPath>
        <javadocPath>
          <root type="composite" />
        </javadocPath>
        <sourcePath>
          <root type="composite" />
        </sourcePath>
      </roots>
      <additional />
    </jdk>
    <jdk version="2">
      <name value="11 (2)" />
      <type value="JavaSDK" />
      <version value="version 11.0.21" />
      <homePath value="/usr/lib/jvm/java-11-openjdk" />
      <roots>
        <annotationsPath>
          <root type="composite">
            <root url="jar://$APPLICATION_HOME_DIR$/plugins/java/lib/resources/jdkAnnotations.jar!/" type="simple" />
          </root>
        </annotationsPath>
        <classPath>
          <root type="composite">
            <root url="jrt:///usr/lib/jvm/java-11-openjdk!/java.base" type="simple" />
            <root url="jrt:///usr/lib/jvm/java-11-openjdk!/java.compiler" type="simple" />
            <root url="jrt:///usr/lib/jvm/java-11-openjdk!/java.datatransfer" type="simple" />
            <root url="jrt:///usr/lib/jvm/java-11-openjdk!/java.desktop" type="simple" />
            <root url="jrt:///usr/lib/jvm/java-11-openjdk!/java.instrument" type="simple" />
            <root url="jrt:///usr/lib/jvm/java-11-openjdk!/java.logging" type="simple" />
            <root url="jrt:///usr/lib/jvm/java-11-openjdk!/java.management" type="simple" />
            <root url="jrt:///usr/lib/jvm/java-11-openjdk!/java.management.rmi" type="simple" />
            <root url="jrt:///usr/lib/jvm/java-11-openjdk!/java.naming" type="simple" />
            <root url="jrt:///usr/lib/jvm/java-11-openjdk!/java.net.http" type="simple" />
            <root url="jrt:///usr/lib/jvm/java-11-openjdk!/java.prefs" type="simple" />
            <root url="jrt:///usr/lib/jvm/java-11-openjdk!/java.rmi" type="simple" />
            <root url="jrt:///usr/lib/jvm/java-11-openjdk!/java.scripting" type="simple" />
            <root url="jrt:///usr/lib/jvm/java-11-openjdk!/java.se" type="simple" />
            <root url="jrt:///usr/lib/jvm/java-11-openjdk!/java.security.jgss" type="simple" />
            <root url="jrt:///usr/lib/jvm/java-11-openjdk!/java.security.sasl" type="simple" />
            <root url="jrt:///usr/lib/jvm/java-11-openjdk!/java.smartcardio" type="simple" />
            <root url="jrt:///usr/lib/jvm/java-11-openjdk!/java.sql" type="simple" />
            <root url="jrt:///usr/lib/jvm/java-11-openjdk!/java.sql.rowset" type="simple" />
            <root url="jrt:///usr/lib/jvm/java-11-openjdk!/java.transaction.xa" type="simple" />
            <root url="jrt:///usr/lib/jvm/java-11-openjdk!/java.xml" type="simple" />
            <root url="jrt:///usr/lib/jvm/java-11-openjdk!/java.xml.crypto" type="simple" />
            <root url="jrt:///usr/lib/jvm/java-11-openjdk!/jdk.accessibility" type="simple" />
            <root url="jrt:///usr/lib/jvm/java-11-openjdk!/jdk.aot" type="simple" />
            <root url="jrt:///usr/lib/jvm/java-11-openjdk!/jdk.attach" type="simple" />
            <root url="jrt:///usr/lib/jvm/java-11-openjdk!/jdk.charsets" type="simple" />
            <root url="jrt:///usr/lib/jvm/java-11-openjdk!/jdk.compiler" type="simple" />
            <root url="jrt:///usr/lib/jvm/java-11-openjdk!/jdk.crypto.cryptoki" type="simple" />
            <root url="jrt:///usr/lib/jvm/java-11-openjdk!/jdk.crypto.ec" type="simple" />
            <root url="jrt:///usr/lib/jvm/java-11-openjdk!/jdk.dynalink" type="simple" />
            <root url="jrt:///usr/lib/jvm/java-11-openjdk!/jdk.editpad" type="simple" />
            <root url="jrt:///usr/lib/jvm/java-11-openjdk!/jdk.hotspot.agent" type="simple" />
            <root url="jrt:///usr/lib/jvm/java-11-openjdk!/jdk.httpserver" type="simple" />
            <root url="jrt:///usr/lib/jvm/java-11-openjdk!/jdk.internal.ed" type="simple" />
            <root url="jrt:///usr/lib/jvm/java-11-openjdk!/jdk.internal.jvmstat" type="simple" />
            <root url="jrt:///usr/lib/jvm/java-11-openjdk!/jdk.internal.le" type="simple" />
            <root url="jrt:///usr/lib/jvm/java-11-openjdk!/jdk.internal.opt" type="simple" />
            <root url="jrt:///usr/lib/jvm/java-11-openjdk!/jdk.internal.vm.ci" type="simple" />
            <root url="jrt:///usr/lib/jvm/java-11-openjdk!/jdk.internal.vm.compiler" type="simple" />
            <root url="jrt:///usr/lib/jvm/java-11-openjdk!/jdk.internal.vm.compiler.management" type="simple" />
            <root url="jrt:///usr/lib/jvm/java-11-openjdk!/jdk.jartool" type="simple" />
            <root url="jrt:///usr/lib/jvm/java-11-openjdk!/jdk.javadoc" type="simple" />
            <root url="jrt:///usr/lib/jvm/java-11-openjdk!/jdk.jcmd" type="simple" />
            <root url="jrt:///usr/lib/jvm/java-11-openjdk!/jdk.jconsole" type="simple" />
            <root url="jrt:///usr/lib/jvm/java-11-openjdk!/jdk.jdeps" type="simple" />
            <root url="jrt:///usr/lib/jvm/java-11-openjdk!/jdk.jdi" type="simple" />
            <root url="jrt:///usr/lib/jvm/java-11-openjdk!/jdk.jdwp.agent" type="simple" />
            <root url="jrt:///usr/lib/jvm/java-11-openjdk!/jdk.jfr" type="simple" />
            <root url="jrt:///usr/lib/jvm/java-11-openjdk!/jdk.jlink" type="simple" />
            <root url="jrt:///usr/lib/jvm/java-11-openjdk!/jdk.jshell" type="simple" />
            <root url="jrt:///usr/lib/jvm/java-11-openjdk!/jdk.jsobject" type="simple" />
            <root url="jrt:///usr/lib/jvm/java-11-openjdk!/jdk.jstatd" type="simple" />
            <root url="jrt:///usr/lib/jvm/java-11-openjdk!/jdk.localedata" type="simple" />
            <root url="jrt:///usr/lib/jvm/java-11-openjdk!/jdk.management" type="simple" />
            <root url="jrt:///usr/lib/jvm/java-11-openjdk!/jdk.management.agent" type="simple" />
            <root url="jrt:///usr/lib/jvm/java-11-openjdk!/jdk.management.jfr" type="simple" />
            <root url="jrt:///usr/lib/jvm/java-11-openjdk!/jdk.naming.dns" type="simple" />
            <root url="jrt:///usr/lib/jvm/java-11-openjdk!/jdk.naming.ldap" type="simple" />
            <root url="jrt:///usr/lib/jvm/java-11-openjdk!/jdk.naming.rmi" type="simple" />
            <root url="jrt:///usr/lib/jvm/java-11-openjdk!/jdk.net" type="simple" />
            <root url="jrt:///usr/lib/jvm/java-11-openjdk!/jdk.pack" type="simple" />
            <root url="jrt:///usr/lib/jvm/java-11-openjdk!/jdk.rmic" type="simple" />
            <root url="jrt:///usr/lib/jvm/java-11-openjdk!/jdk.scripting.nashorn" type="simple" />
            <root url="jrt:///usr/lib/jvm/java-11-openjdk!/jdk.scripting.nashorn.shell" type="simple" />
            <root url="jrt:///usr/lib/jvm/java-11-openjdk!/jdk.sctp" type="simple" />
            <root url="jrt:///usr/lib/jvm/java-11-openjdk!/jdk.security.auth" type="simple" />
            <root url="jrt:///usr/lib/jvm/java-11-openjdk!/jdk.security.jgss" type="simple" />
            <root url="jrt:///usr/lib/jvm/java-11-openjdk!/jdk.unsupported" type="simple" />
            <root url="jrt:///usr/lib/jvm/java-11-openjdk!/jdk.unsupported.desktop" type="simple" />
            <root url="jrt:///usr/lib/jvm/java-11-openjdk!/jdk.xml.dom" type="simple" />
            <root url="jrt:///usr/lib/jvm/java-11-openjdk!/jdk.zipfs" type="simple" />
          </root>
        </classPath>
        <javadocPath>
          <root type="composite" />
        </javadocPath>
        <sourcePath>
          <root type="composite" />
        </sourcePath>
      </roots>
      <additional />
    </jdk>
    <jdk version="2">
      <name value="Android API 27 Platform" />
      <type value="Android SDK" />
      <homePath value="$USER_HOME$/Android/Sdk" />
      <roots>
        <annotationsPath>
          <root type="composite">
            <root url="jar://$APPLICATION_HOME_DIR$/plugins/android/resources/androidAnnotations.jar!/" type="simple" />
          </root>
        </annotationsPath>
        <classPath>
          <root type="composite">
            <root url="jar://$USER_HOME$/Android/Sdk/platforms/android-27/android.jar!/" type="simple" />
            <root url="file://$USER_HOME$/Android/Sdk/platforms/android-27/data/res" type="simple" />
          </root>
        </classPath>
        <javadocPath>
          <root type="composite">
            <root url="http://developer.android.com/reference/" type="simple" />
          </root>
        </javadocPath>
        <sourcePath>
          <root type="composite" />
        </sourcePath>
      </roots>
      <additional sdk="android-27" />
    </jdk>
    <jdk version="2">
      <name value="Android API 28 Platform" />
      <type value="Android SDK" />
      <homePath value="$USER_HOME$/Android/Sdk" />
      <roots>
        <annotationsPath>
          <root type="composite">
            <root url="jar://$USER_HOME$/Android/Sdk/platforms/android-28/data/annotations.zip!/" type="simple" />
          </root>
        </annotationsPath>
        <classPath>
          <root type="composite">
            <root url="jar://$USER_HOME$/Android/Sdk/platforms/android-28/android.jar!/" type="simple" />
            <root url="file://$USER_HOME$/Android/Sdk/platforms/android-28/data/res" type="simple" />
          </root>
        </classPath>
        <javadocPath>
          <root type="composite">
            <root url="http://developer.android.com/reference/" type="simple" />
          </root>
        </javadocPath>
        <sourcePath>
          <root type="composite" />
        </sourcePath>
      </roots>
      <additional sdk="android-28" />
    </jdk>
    <jdk version="2">
      <name value="Android API 31 Platform" />
      <type value="Android SDK" />
      <homePath value="$USER_HOME$/Android/Sdk" />
      <roots>
        <annotationsPath>
          <root type="composite">
            <root url="jar://$USER_HOME$/Android/Sdk/platforms/android-31/data/annotations.zip!/" type="simple" />
          </root>
        </annotationsPath>
        <classPath>
          <root type="composite">
            <root url="jar://$USER_HOME$/Android/Sdk/platforms/android-31/android.jar!/" type="simple" />
            <root url="file://$USER_HOME$/Android/Sdk/platforms/android-31/data/res" type="simple" />
          </root>
        </classPath>
        <javadocPath>
          <root type="composite" />
        </javadocPath>
        <sourcePath>
          <root type="composite">
            <root url="file://$USER_HOME$/Android/Sdk/sources/android-31" type="simple" />
          </root>
        </sourcePath>
      </roots>
      <additional sdk="android-31" />
    </jdk>
    <jdk version="2">
      <name value="Android API 32 Platform" />
      <type value="Android SDK" />
      <homePath value="$USER_HOME$/Android/Sdk" />
      <roots>
        <annotationsPath>
          <root type="composite">
            <root url="jar://$USER_HOME$/Android/Sdk/platforms/android-32/data/annotations.zip!/" type="simple" />
          </root>
        </annotationsPath>
        <classPath>
          <root type="composite">
            <root url="jar://$USER_HOME$/Android/Sdk/platforms/android-32/android.jar!/" type="simple" />
            <root url="file://$USER_HOME$/Android/Sdk/platforms/android-32/data/res" type="simple" />
          </root>
        </classPath>
        <javadocPath>
          <root type="composite" />
        </javadocPath>
        <sourcePath>
          <root type="composite">
            <root url="file://$USER_HOME$/Android/Sdk/sources/android-32" type="simple" />
          </root>
        </sourcePath>
      </roots>
      <additional sdk="android-32" />
    </jdk>
    <jdk version="2">
      <name value="Android API 32, Tiramisu preview, extension level 2 Platform" />
      <type value="Android SDK" />
      <homePath value="$USER_HOME$/Android/Sdk" />
      <roots>
        <annotationsPath>
          <root type="composite">
            <root url="jar://$USER_HOME$/Android/Sdk/platforms/android-Tiramisu/data/annotations.zip!/" type="simple" />
          </root>
        </annotationsPath>
        <classPath>
          <root type="composite">
            <root url="jar://$USER_HOME$/Android/Sdk/platforms/android-Tiramisu/android.jar!/" type="simple" />
            <root url="file://$USER_HOME$/Android/Sdk/platforms/android-Tiramisu/data/res" type="simple" />
          </root>
        </classPath>
        <javadocPath>
          <root type="composite">
            <root url="http://developer.android.com/reference/" type="simple" />
          </root>
        </javadocPath>
        <sourcePath>
          <root type="composite" />
        </sourcePath>
      </roots>
      <additional sdk="android-Tiramisu" />
    </jdk>
    <jdk version="2">
      <name value="Android API 33, extension level 3 Platform" />
      <type value="Android SDK" />
      <version value="version 11.0.18" />
      <homePath value="$USER_HOME$/Android/Sdk" />
      <roots>
        <annotationsPath>
          <root type="composite">
            <root url="jar://$USER_HOME$/Android/Sdk/platforms/android-33/data/annotations.zip!/" type="simple" />
          </root>
        </annotationsPath>
        <classPath>
          <root type="composite">
            <root url="jar://$USER_HOME$/Android/Sdk/platforms/android-33/android.jar!/" type="simple" />
            <root url="file://$USER_HOME$/Android/Sdk/platforms/android-33/data/res" type="simple" />
          </root>
        </classPath>
        <javadocPath>
          <root type="composite" />
        </javadocPath>
        <sourcePath>
          <root type="composite">
            <root url="file://$USER_HOME$/Android/Sdk/sources/android-33" type="simple" />
          </root>
        </sourcePath>
      </roots>
      <additional sdk="android-33" />
    </jdk>
    <jdk version="2">
      <name value="17 (4)" />
      <type value="JavaSDK" />
      <version value="version 17.0.9" />
      <homePath value="/usr/lib/jvm/java-17-openjdk" />
      <roots>
        <annotationsPath>
          <root type="composite">
            <root url="jar://$APPLICATION_HOME_DIR$/plugins/java/lib/resources/jdkAnnotations.jar!/" type="simple" />
          </root>
        </annotationsPath>
        <classPath>
          <root type="composite">
            <root url="jrt:///usr/lib/jvm/java-17-openjdk!/java.base" type="simple" />
            <root url="jrt:///usr/lib/jvm/java-17-openjdk!/java.compiler" type="simple" />
            <root url="jrt:///usr/lib/jvm/java-17-openjdk!/java.datatransfer" type="simple" />
            <root url="jrt:///usr/lib/jvm/java-17-openjdk!/java.desktop" type="simple" />
            <root url="jrt:///usr/lib/jvm/java-17-openjdk!/java.instrument" type="simple" />
            <root url="jrt:///usr/lib/jvm/java-17-openjdk!/java.logging" type="simple" />
            <root url="jrt:///usr/lib/jvm/java-17-openjdk!/java.management" type="simple" />
            <root url="jrt:///usr/lib/jvm/java-17-openjdk!/java.management.rmi" type="simple" />
            <root url="jrt:///usr/lib/jvm/java-17-openjdk!/java.naming" type="simple" />
            <root url="jrt:///usr/lib/jvm/java-17-openjdk!/java.net.http" type="simple" />
            <root url="jrt:///usr/lib/jvm/java-17-openjdk!/java.prefs" type="simple" />
            <root url="jrt:///usr/lib/jvm/java-17-openjdk!/java.rmi" type="simple" />
            <root url="jrt:///usr/lib/jvm/java-17-openjdk!/java.scripting" type="simple" />
            <root url="jrt:///usr/lib/jvm/java-17-openjdk!/java.se" type="simple" />
            <root url="jrt:///usr/lib/jvm/java-17-openjdk!/java.security.jgss" type="simple" />
            <root url="jrt:///usr/lib/jvm/java-17-openjdk!/java.security.sasl" type="simple" />
            <root url="jrt:///usr/lib/jvm/java-17-openjdk!/java.smartcardio" type="simple" />
            <root url="jrt:///usr/lib/jvm/java-17-openjdk!/java.sql" type="simple" />
            <root url="jrt:///usr/lib/jvm/java-17-openjdk!/java.sql.rowset" type="simple" />
            <root url="jrt:///usr/lib/jvm/java-17-openjdk!/java.transaction.xa" type="simple" />
            <root url="jrt:///usr/lib/jvm/java-17-openjdk!/java.xml" type="simple" />
            <root url="jrt:///usr/lib/jvm/java-17-openjdk!/java.xml.crypto" type="simple" />
            <root url="jrt:///usr/lib/jvm/java-17-openjdk!/jdk.accessibility" type="simple" />
            <root url="jrt:///usr/lib/jvm/java-17-openjdk!/jdk.attach" type="simple" />
            <root url="jrt:///usr/lib/jvm/java-17-openjdk!/jdk.charsets" type="simple" />
            <root url="jrt:///usr/lib/jvm/java-17-openjdk!/jdk.compiler" type="simple" />
            <root url="jrt:///usr/lib/jvm/java-17-openjdk!/jdk.crypto.cryptoki" type="simple" />
            <root url="jrt:///usr/lib/jvm/java-17-openjdk!/jdk.crypto.ec" type="simple" />
            <root url="jrt:///usr/lib/jvm/java-17-openjdk!/jdk.dynalink" type="simple" />
            <root url="jrt:///usr/lib/jvm/java-17-openjdk!/jdk.editpad" type="simple" />
            <root url="jrt:///usr/lib/jvm/java-17-openjdk!/jdk.hotspot.agent" type="simple" />
            <root url="jrt:///usr/lib/jvm/java-17-openjdk!/jdk.httpserver" type="simple" />
            <root url="jrt:///usr/lib/jvm/java-17-openjdk!/jdk.incubator.foreign" type="simple" />
            <root url="jrt:///usr/lib/jvm/java-17-openjdk!/jdk.incubator.vector" type="simple" />
            <root url="jrt:///usr/lib/jvm/java-17-openjdk!/jdk.internal.ed" type="simple" />
            <root url="jrt:///usr/lib/jvm/java-17-openjdk!/jdk.internal.jvmstat" type="simple" />
            <root url="jrt:///usr/lib/jvm/java-17-openjdk!/jdk.internal.le" type="simple" />
            <root url="jrt:///usr/lib/jvm/java-17-openjdk!/jdk.internal.opt" type="simple" />
            <root url="jrt:///usr/lib/jvm/java-17-openjdk!/jdk.internal.vm.ci" type="simple" />
            <root url="jrt:///usr/lib/jvm/java-17-openjdk!/jdk.internal.vm.compiler" type="simple" />
            <root url="jrt:///usr/lib/jvm/java-17-openjdk!/jdk.internal.vm.compiler.management" type="simple" />
            <root url="jrt:///usr/lib/jvm/java-17-openjdk!/jdk.jartool" type="simple" />
            <root url="jrt:///usr/lib/jvm/java-17-openjdk!/jdk.javadoc" type="simple" />
            <root url="jrt:///usr/lib/jvm/java-17-openjdk!/jdk.jcmd" type="simple" />
            <root url="jrt:///usr/lib/jvm/java-17-openjdk!/jdk.jconsole" type="simple" />
            <root url="jrt:///usr/lib/jvm/java-17-openjdk!/jdk.jdeps" type="simple" />
            <root url="jrt:///usr/lib/jvm/java-17-openjdk!/jdk.jdi" type="simple" />
            <root url="jrt:///usr/lib/jvm/java-17-openjdk!/jdk.jdwp.agent" type="simple" />
            <root url="jrt:///usr/lib/jvm/java-17-openjdk!/jdk.jfr" type="simple" />
            <root url="jrt:///usr/lib/jvm/java-17-openjdk!/jdk.jlink" type="simple" />
            <root url="jrt:///usr/lib/jvm/java-17-openjdk!/jdk.jpackage" type="simple" />
            <root url="jrt:///usr/lib/jvm/java-17-openjdk!/jdk.jshell" type="simple" />
            <root url="jrt:///usr/lib/jvm/java-17-openjdk!/jdk.jsobject" type="simple" />
            <root url="jrt:///usr/lib/jvm/java-17-openjdk!/jdk.jstatd" type="simple" />
            <root url="jrt:///usr/lib/jvm/java-17-openjdk!/jdk.localedata" type="simple" />
            <root url="jrt:///usr/lib/jvm/java-17-openjdk!/jdk.management" type="simple" />
            <root url="jrt:///usr/lib/jvm/java-17-openjdk!/jdk.management.agent" type="simple" />
            <root url="jrt:///usr/lib/jvm/java-17-openjdk!/jdk.management.jfr" type="simple" />
            <root url="jrt:///usr/lib/jvm/java-17-openjdk!/jdk.naming.dns" type="simple" />
            <root url="jrt:///usr/lib/jvm/java-17-openjdk!/jdk.naming.rmi" type="simple" />
            <root url="jrt:///usr/lib/jvm/java-17-openjdk!/jdk.net" type="simple" />
            <root url="jrt:///usr/lib/jvm/java-17-openjdk!/jdk.nio.mapmode" type="simple" />
            <root url="jrt:///usr/lib/jvm/java-17-openjdk!/jdk.random" type="simple" />
            <root url="jrt:///usr/lib/jvm/java-17-openjdk!/jdk.sctp" type="simple" />
            <root url="jrt:///usr/lib/jvm/java-17-openjdk!/jdk.security.auth" type="simple" />
            <root url="jrt:///usr/lib/jvm/java-17-openjdk!/jdk.security.jgss" type="simple" />
            <root url="jrt:///usr/lib/jvm/java-17-openjdk!/jdk.unsupported" type="simple" />
            <root url="jrt:///usr/lib/jvm/java-17-openjdk!/jdk.unsupported.desktop" type="simple" />
            <root url="jrt:///usr/lib/jvm/java-17-openjdk!/jdk.xml.dom" type="simple" />
            <root url="jrt:///usr/lib/jvm/java-17-openjdk!/jdk.zipfs" type="simple" />
          </root>
        </classPath>
        <javadocPath>
          <root type="composite" />
        </javadocPath>
        <sourcePath>
          <root type="composite" />
        </sourcePath>
      </roots>
      <additional />
    </jdk>
    <jdk version="2">
      <name value="17" />
      <type value="JavaSDK" />
      <version value="version 17.0.9" />
      <homePath value="/usr/lib/jvm/java-17-openjdk" />
      <roots>
        <annotationsPath>
          <root type="composite">
            <root url="jar://$APPLICATION_HOME_DIR$/plugins/java/lib/resources/jdkAnnotations.jar!/" type="simple" />
          </root>
        </annotationsPath>
        <classPath>
          <root type="composite">
            <root url="jrt:///usr/lib/jvm/java-17-openjdk!/java.base" type="simple" />
            <root url="jrt:///usr/lib/jvm/java-17-openjdk!/java.compiler" type="simple" />
            <root url="jrt:///usr/lib/jvm/java-17-openjdk!/java.datatransfer" type="simple" />
            <root url="jrt:///usr/lib/jvm/java-17-openjdk!/java.desktop" type="simple" />
            <root url="jrt:///usr/lib/jvm/java-17-openjdk!/java.instrument" type="simple" />
            <root url="jrt:///usr/lib/jvm/java-17-openjdk!/java.logging" type="simple" />
            <root url="jrt:///usr/lib/jvm/java-17-openjdk!/java.management" type="simple" />
            <root url="jrt:///usr/lib/jvm/java-17-openjdk!/java.management.rmi" type="simple" />
            <root url="jrt:///usr/lib/jvm/java-17-openjdk!/java.naming" type="simple" />
            <root url="jrt:///usr/lib/jvm/java-17-openjdk!/java.net.http" type="simple" />
            <root url="jrt:///usr/lib/jvm/java-17-openjdk!/java.prefs" type="simple" />
            <root url="jrt:///usr/lib/jvm/java-17-openjdk!/java.rmi" type="simple" />
            <root url="jrt:///usr/lib/jvm/java-17-openjdk!/java.scripting" type="simple" />
            <root url="jrt:///usr/lib/jvm/java-17-openjdk!/java.se" type="simple" />
            <root url="jrt:///usr/lib/jvm/java-17-openjdk!/java.security.jgss" type="simple" />
            <root url="jrt:///usr/lib/jvm/java-17-openjdk!/java.security.sasl" type="simple" />
            <root url="jrt:///usr/lib/jvm/java-17-openjdk!/java.smartcardio" type="simple" />
            <root url="jrt:///usr/lib/jvm/java-17-openjdk!/java.sql" type="simple" />
            <root url="jrt:///usr/lib/jvm/java-17-openjdk!/java.sql.rowset" type="simple" />
            <root url="jrt:///usr/lib/jvm/java-17-openjdk!/java.transaction.xa" type="simple" />
            <root url="jrt:///usr/lib/jvm/java-17-openjdk!/java.xml" type="simple" />
            <root url="jrt:///usr/lib/jvm/java-17-openjdk!/java.xml.crypto" type="simple" />
            <root url="jrt:///usr/lib/jvm/java-17-openjdk!/jdk.accessibility" type="simple" />
            <root url="jrt:///usr/lib/jvm/java-17-openjdk!/jdk.attach" type="simple" />
            <root url="jrt:///usr/lib/jvm/java-17-openjdk!/jdk.charsets" type="simple" />
            <root url="jrt:///usr/lib/jvm/java-17-openjdk!/jdk.compiler" type="simple" />
            <root url="jrt:///usr/lib/jvm/java-17-openjdk!/jdk.crypto.cryptoki" type="simple" />
            <root url="jrt:///usr/lib/jvm/java-17-openjdk!/jdk.crypto.ec" type="simple" />
            <root url="jrt:///usr/lib/jvm/java-17-openjdk!/jdk.dynalink" type="simple" />
            <root url="jrt:///usr/lib/jvm/java-17-openjdk!/jdk.editpad" type="simple" />
            <root url="jrt:///usr/lib/jvm/java-17-openjdk!/jdk.hotspot.agent" type="simple" />
            <root url="jrt:///usr/lib/jvm/java-17-openjdk!/jdk.httpserver" type="simple" />
            <root url="jrt:///usr/lib/jvm/java-17-openjdk!/jdk.incubator.foreign" type="simple" />
            <root url="jrt:///usr/lib/jvm/java-17-openjdk!/jdk.incubator.vector" type="simple" />
            <root url="jrt:///usr/lib/jvm/java-17-openjdk!/jdk.internal.ed" type="simple" />
            <root url="jrt:///usr/lib/jvm/java-17-openjdk!/jdk.internal.jvmstat" type="simple" />
            <root url="jrt:///usr/lib/jvm/java-17-openjdk!/jdk.internal.le" type="simple" />
            <root url="jrt:///usr/lib/jvm/java-17-openjdk!/jdk.internal.opt" type="simple" />
            <root url="jrt:///usr/lib/jvm/java-17-openjdk!/jdk.internal.vm.ci" type="simple" />
            <root url="jrt:///usr/lib/jvm/java-17-openjdk!/jdk.internal.vm.compiler" type="simple" />
            <root url="jrt:///usr/lib/jvm/java-17-openjdk!/jdk.internal.vm.compiler.management" type="simple" />
            <root url="jrt:///usr/lib/jvm/java-17-openjdk!/jdk.jartool" type="simple" />
            <root url="jrt:///usr/lib/jvm/java-17-openjdk!/jdk.javadoc" type="simple" />
            <root url="jrt:///usr/lib/jvm/java-17-openjdk!/jdk.jcmd" type="simple" />
            <root url="jrt:///usr/lib/jvm/java-17-openjdk!/jdk.jconsole" type="simple" />
            <root url="jrt:///usr/lib/jvm/java-17-openjdk!/jdk.jdeps" type="simple" />
            <root url="jrt:///usr/lib/jvm/java-17-openjdk!/jdk.jdi" type="simple" />
            <root url="jrt:///usr/lib/jvm/java-17-openjdk!/jdk.jdwp.agent" type="simple" />
            <root url="jrt:///usr/lib/jvm/java-17-openjdk!/jdk.jfr" type="simple" />
            <root url="jrt:///usr/lib/jvm/java-17-openjdk!/jdk.jlink" type="simple" />
            <root url="jrt:///usr/lib/jvm/java-17-openjdk!/jdk.jpackage" type="simple" />
            <root url="jrt:///usr/lib/jvm/java-17-openjdk!/jdk.jshell" type="simple" />
            <root url="jrt:///usr/lib/jvm/java-17-openjdk!/jdk.jsobject" type="simple" />
            <root url="jrt:///usr/lib/jvm/java-17-openjdk!/jdk.jstatd" type="simple" />
            <root url="jrt:///usr/lib/jvm/java-17-openjdk!/jdk.localedata" type="simple" />
            <root url="jrt:///usr/lib/jvm/java-17-openjdk!/jdk.management" type="simple" />
            <root url="jrt:///usr/lib/jvm/java-17-openjdk!/jdk.management.agent" type="simple" />
            <root url="jrt:///usr/lib/jvm/java-17-openjdk!/jdk.management.jfr" type="simple" />
            <root url="jrt:///usr/lib/jvm/java-17-openjdk!/jdk.naming.dns" type="simple" />
            <root url="jrt:///usr/lib/jvm/java-17-openjdk!/jdk.naming.rmi" type="simple" />
            <root url="jrt:///usr/lib/jvm/java-17-openjdk!/jdk.net" type="simple" />
            <root url="jrt:///usr/lib/jvm/java-17-openjdk!/jdk.nio.mapmode" type="simple" />
            <root url="jrt:///usr/lib/jvm/java-17-openjdk!/jdk.random" type="simple" />
            <root url="jrt:///usr/lib/jvm/java-17-openjdk!/jdk.sctp" type="simple" />
            <root url="jrt:///usr/lib/jvm/java-17-openjdk!/jdk.security.auth" type="simple" />
            <root url="jrt:///usr/lib/jvm/java-17-openjdk!/jdk.security.jgss" type="simple" />
            <root url="jrt:///usr/lib/jvm/java-17-openjdk!/jdk.unsupported" type="simple" />
            <root url="jrt:///usr/lib/jvm/java-17-openjdk!/jdk.unsupported.desktop" type="simple" />
            <root url="jrt:///usr/lib/jvm/java-17-openjdk!/jdk.xml.dom" type="simple" />
            <root url="jrt:///usr/lib/jvm/java-17-openjdk!/jdk.zipfs" type="simple" />
          </root>
        </classPath>
        <javadocPath>
          <root type="composite" />
        </javadocPath>
        <sourcePath>
          <root type="composite" />
        </sourcePath>
      </roots>
      <additional />
    </jdk>
    <jdk version="2">
      <name value="jbr-17" />
      <type value="JavaSDK" />
      <homePath value="$USER_HOME$/.local/share/JetBrains/Toolbox/apps/android-studio-4/jbr" />
      <roots>
        <annotationsPath>
          <root type="composite">
            <root url="jar://$APPLICATION_HOME_DIR$/plugins/java/lib/resources/jdkAnnotations.jar!/" type="simple" />
          </root>
        </annotationsPath>
        <classPath>
          <root type="composite">
            <root url="jrt://$USER_HOME$/.local/share/JetBrains/Toolbox/apps/android-studio-4/jbr!/java.base" type="simple" />
            <root url="jrt://$USER_HOME$/.local/share/JetBrains/Toolbox/apps/android-studio-4/jbr!/java.compiler" type="simple" />
            <root url="jrt://$USER_HOME$/.local/share/JetBrains/Toolbox/apps/android-studio-4/jbr!/java.datatransfer" type="simple" />
            <root url="jrt://$USER_HOME$/.local/share/JetBrains/Toolbox/apps/android-studio-4/jbr!/java.desktop" type="simple" />
            <root url="jrt://$USER_HOME$/.local/share/JetBrains/Toolbox/apps/android-studio-4/jbr!/java.instrument" type="simple" />
            <root url="jrt://$USER_HOME$/.local/share/JetBrains/Toolbox/apps/android-studio-4/jbr!/java.logging" type="simple" />
            <root url="jrt://$USER_HOME$/.local/share/JetBrains/Toolbox/apps/android-studio-4/jbr!/java.management" type="simple" />
            <root url="jrt://$USER_HOME$/.local/share/JetBrains/Toolbox/apps/android-studio-4/jbr!/java.management.rmi" type="simple" />
            <root url="jrt://$USER_HOME$/.local/share/JetBrains/Toolbox/apps/android-studio-4/jbr!/java.naming" type="simple" />
            <root url="jrt://$USER_HOME$/.local/share/JetBrains/Toolbox/apps/android-studio-4/jbr!/java.net.http" type="simple" />
            <root url="jrt://$USER_HOME$/.local/share/JetBrains/Toolbox/apps/android-studio-4/jbr!/java.prefs" type="simple" />
            <root url="jrt://$USER_HOME$/.local/share/JetBrains/Toolbox/apps/android-studio-4/jbr!/java.rmi" type="simple" />
            <root url="jrt://$USER_HOME$/.local/share/JetBrains/Toolbox/apps/android-studio-4/jbr!/java.scripting" type="simple" />
            <root url="jrt://$USER_HOME$/.local/share/JetBrains/Toolbox/apps/android-studio-4/jbr!/java.se" type="simple" />
            <root url="jrt://$USER_HOME$/.local/share/JetBrains/Toolbox/apps/android-studio-4/jbr!/java.security.jgss" type="simple" />
            <root url="jrt://$USER_HOME$/.local/share/JetBrains/Toolbox/apps/android-studio-4/jbr!/java.security.sasl" type="simple" />
            <root url="jrt://$USER_HOME$/.local/share/JetBrains/Toolbox/apps/android-studio-4/jbr!/java.smartcardio" type="simple" />
            <root url="jrt://$USER_HOME$/.local/share/JetBrains/Toolbox/apps/android-studio-4/jbr!/java.sql" type="simple" />
            <root url="jrt://$USER_HOME$/.local/share/JetBrains/Toolbox/apps/android-studio-4/jbr!/java.sql.rowset" type="simple" />
            <root url="jrt://$USER_HOME$/.local/share/JetBrains/Toolbox/apps/android-studio-4/jbr!/java.transaction.xa" type="simple" />
            <root url="jrt://$USER_HOME$/.local/share/JetBrains/Toolbox/apps/android-studio-4/jbr!/java.xml" type="simple" />
            <root url="jrt://$USER_HOME$/.local/share/JetBrains/Toolbox/apps/android-studio-4/jbr!/java.xml.crypto" type="simple" />
            <root url="jrt://$USER_HOME$/.local/share/JetBrains/Toolbox/apps/android-studio-4/jbr!/jdk.accessibility" type="simple" />
            <root url="jrt://$USER_HOME$/.local/share/JetBrains/Toolbox/apps/android-studio-4/jbr!/jdk.attach" type="simple" />
            <root url="jrt://$USER_HOME$/.local/share/JetBrains/Toolbox/apps/android-studio-4/jbr!/jdk.charsets" type="simple" />
            <root url="jrt://$USER_HOME$/.local/share/JetBrains/Toolbox/apps/android-studio-4/jbr!/jdk.compiler" type="simple" />
            <root url="jrt://$USER_HOME$/.local/share/JetBrains/Toolbox/apps/android-studio-4/jbr!/jdk.crypto.cryptoki" type="simple" />
            <root url="jrt://$USER_HOME$/.local/share/JetBrains/Toolbox/apps/android-studio-4/jbr!/jdk.crypto.ec" type="simple" />
            <root url="jrt://$USER_HOME$/.local/share/JetBrains/Toolbox/apps/android-studio-4/jbr!/jdk.dynalink" type="simple" />
            <root url="jrt://$USER_HOME$/.local/share/JetBrains/Toolbox/apps/android-studio-4/jbr!/jdk.hotspot.agent" type="simple" />
            <root url="jrt://$USER_HOME$/.local/share/JetBrains/Toolbox/apps/android-studio-4/jbr!/jdk.httpserver" type="simple" />
            <root url="jrt://$USER_HOME$/.local/share/JetBrains/Toolbox/apps/android-studio-4/jbr!/jdk.internal.ed" type="simple" />
            <root url="jrt://$USER_HOME$/.local/share/JetBrains/Toolbox/apps/android-studio-4/jbr!/jdk.internal.jvmstat" type="simple" />
            <root url="jrt://$USER_HOME$/.local/share/JetBrains/Toolbox/apps/android-studio-4/jbr!/jdk.internal.le" type="simple" />
            <root url="jrt://$USER_HOME$/.local/share/JetBrains/Toolbox/apps/android-studio-4/jbr!/jdk.internal.opt" type="simple" />
            <root url="jrt://$USER_HOME$/.local/share/JetBrains/Toolbox/apps/android-studio-4/jbr!/jdk.internal.vm.ci" type="simple" />
            <root url="jrt://$USER_HOME$/.local/share/JetBrains/Toolbox/apps/android-studio-4/jbr!/jdk.internal.vm.compiler" type="simple" />
            <root url="jrt://$USER_HOME$/.local/share/JetBrains/Toolbox/apps/android-studio-4/jbr!/jdk.internal.vm.compiler.management" type="simple" />
            <root url="jrt://$USER_HOME$/.local/share/JetBrains/Toolbox/apps/android-studio-4/jbr!/jdk.jartool" type="simple" />
            <root url="jrt://$USER_HOME$/.local/share/JetBrains/Toolbox/apps/android-studio-4/jbr!/jdk.javadoc" type="simple" />
            <root url="jrt://$USER_HOME$/.local/share/JetBrains/Toolbox/apps/android-studio-4/jbr!/jdk.jcmd" type="simple" />
            <root url="jrt://$USER_HOME$/.local/share/JetBrains/Toolbox/apps/android-studio-4/jbr!/jdk.jdeps" type="simple" />
            <root url="jrt://$USER_HOME$/.local/share/JetBrains/Toolbox/apps/android-studio-4/jbr!/jdk.jdi" type="simple" />
            <root url="jrt://$USER_HOME$/.local/share/JetBrains/Toolbox/apps/android-studio-4/jbr!/jdk.jdwp.agent" type="simple" />
            <root url="jrt://$USER_HOME$/.local/share/JetBrains/Toolbox/apps/android-studio-4/jbr!/jdk.jfr" type="simple" />
            <root url="jrt://$USER_HOME$/.local/share/JetBrains/Toolbox/apps/android-studio-4/jbr!/jdk.jlink" type="simple" />
            <root url="jrt://$USER_HOME$/.local/share/JetBrains/Toolbox/apps/android-studio-4/jbr!/jdk.jsobject" type="simple" />
            <root url="jrt://$USER_HOME$/.local/share/JetBrains/Toolbox/apps/android-studio-4/jbr!/jdk.localedata" type="simple" />
            <root url="jrt://$USER_HOME$/.local/share/JetBrains/Toolbox/apps/android-studio-4/jbr!/jdk.management" type="simple" />
            <root url="jrt://$USER_HOME$/.local/share/JetBrains/Toolbox/apps/android-studio-4/jbr!/jdk.management.agent" type="simple" />
            <root url="jrt://$USER_HOME$/.local/share/JetBrains/Toolbox/apps/android-studio-4/jbr!/jdk.management.jfr" type="simple" />
            <root url="jrt://$USER_HOME$/.local/share/JetBrains/Toolbox/apps/android-studio-4/jbr!/jdk.naming.dns" type="simple" />
            <root url="jrt://$USER_HOME$/.local/share/JetBrains/Toolbox/apps/android-studio-4/jbr!/jdk.naming.rmi" type="simple" />
            <root url="jrt://$USER_HOME$/.local/share/JetBrains/Toolbox/apps/android-studio-4/jbr!/jdk.net" type="simple" />
            <root url="jrt://$USER_HOME$/.local/share/JetBrains/Toolbox/apps/android-studio-4/jbr!/jdk.sctp" type="simple" />
            <root url="jrt://$USER_HOME$/.local/share/JetBrains/Toolbox/apps/android-studio-4/jbr!/jdk.security.auth" type="simple" />
            <root url="jrt://$USER_HOME$/.local/share/JetBrains/Toolbox/apps/android-studio-4/jbr!/jdk.security.jgss" type="simple" />
            <root url="jrt://$USER_HOME$/.local/share/JetBrains/Toolbox/apps/android-studio-4/jbr!/jdk.unsupported" type="simple" />
            <root url="jrt://$USER_HOME$/.local/share/JetBrains/Toolbox/apps/android-studio-4/jbr!/jdk.unsupported.desktop" type="simple" />
            <root url="jrt://$USER_HOME$/.local/share/JetBrains/Toolbox/apps/android-studio-4/jbr!/jdk.xml.dom" type="simple" />
            <root url="jrt://$USER_HOME$/.local/share/JetBrains/Toolbox/apps/android-studio-4/jbr!/jdk.zipfs" type="simple" />
          </root>
        </classPath>
        <javadocPath>
          <root type="composite" />
        </javadocPath>
        <sourcePath>
          <root type="composite" />
        </sourcePath>
      </roots>
      <additional />
    </jdk>
    <jdk version="2">
      <name value="Android API 34, extension level 7 Platform" />
      <type value="Android SDK" />
      <homePath value="$USER_HOME$/Android/Sdk" />
      <roots>
        <annotationsPath>
          <root type="composite">
            <root url="jar://$USER_HOME$/Android/Sdk/platforms/android-34/data/annotations.zip!/" type="simple" />
          </root>
        </annotationsPath>
        <classPath>
          <root type="composite">
            <root url="jar://$USER_HOME$/Android/Sdk/platforms/android-34/android.jar!/" type="simple" />
            <root url="file://$USER_HOME$/Android/Sdk/platforms/android-34/data/res" type="simple" />
          </root>
        </classPath>
        <javadocPath>
          <root type="composite" />
        </javadocPath>
        <sourcePath>
          <root type="composite">
            <root url="file://$USER_HOME$/Android/Sdk/sources/android-34" type="simple" />
          </root>
        </sourcePath>
      </roots>
      <additional sdk="android-34" />
    </jdk>
  </component>
</application>